Drug Name,Drug Type,Map to String,Generic,Progress
ğŸ¦„,"","","",Number of Rows
è‹±æ˜æ ¼ Imigran FDT Tablets,"","","",1917
å–„å­˜,"","","",Number of Rows Empty
ä¼˜æ€ä¹,"","","",1809
í˜ˆì••ì•½,"","","",Number of Rows Unknown
í—ˆë¦¬ ì•½,"","","",7
í—ˆë¦¬ ì•½,"","","",Number of Rows Test Drugs
íƒ€ì´ë ˆë†€,"","","",60
ì—„ë§ˆ í˜ˆì••ì•½,"","","",Number of Alternative Uses
ã…‡ã…‡ã…‡,"","","",2
ìŠ¤íŒ¨ì‰¬ ë””ì˜¤ë‹ˆì†ŒìŠ¤ í¬ ë§¨,"","","",Number of Completed
ë¹„íƒ€ë¯¼C,"","","",41
ë¹„íƒ€ë¯¼,"","","",""
ë°€í¬ì”¨ì¦,"","","",""
ë©€í‹°ë¹„íƒ€ë¯¼ ë””ì˜¤ë‹ˆì†ŒìŠ¤ í¬ ë§¨,"","","",""
ë‘í”¼ì˜ì–‘ì œ,"","","",""
ë‹¤ì´ì•„ë²¡ìŠ¤ 500mg,"","","",""
à¸à¸²à¸£à¸²,"","","",""
×¡×™×“×Ÿ  MSM,"","","",""
××™×¥ ××œ×™××•×Ÿ ×¡×—×•×˜,"","","",""
×™×•×¡×£ ×¤×¨× ×§×œ ×˜×™×¤×•×œ,"","","",""
×‘×“×™×§×”,"","","",""
××§×•× ×•××™×§×”,"","","",""
Ğ¢Ñ€Ğ¸Ğ¿Ñ‚Ğ¾Ñ„Ğ°Ğ½,"","","",""
ĞŸĞ¿Ğ¿Ğ¿,"","","",""
Ğ“Ğ¸Ğ½ĞºĞ³Ğ¾ Ğ‘Ğ¸Ğ»Ğ¾Ğ±Ğ°,"","","",""
Zyrtec,Antihistamine,Zyrtec,Cetirizine,""
Zyprexa,"","","",""
zxk,"","","",""
Zonisamide 25mg,Anticonvulsant,Zonisamide 25mg,Zonisamide,""
zonisamide,Anticonvulsant,Zonisamide,Zonisamide,""
Zonisamide,Anticonvulsant,Zonisamide,Zonisamide,""
Zonegran 100mg,Anticonvulsant,Zonegran 100mg,Zonisamide,""
Zonegran 25mg,Anticonvulsant,Zonegran 25mg,Zonisamide,""
Zonegran,Anticonvulsant,Zonegran,Zonisamide,""
Zolpidem (Ambien CR,Sedative,Ambien CR,Zolpidem,""
Zolofy,Selective Serotonin Reuptake Inhibitor (SSRI),Zoloft,Sertraline,""
Zoloft Generic,Selective Serotonin Reuptake Inhibitor (SSRI),Sertraline,Sertraline,""
Zoloft (Take 1.5 Pills - 150mg,Selective Serotonin Reuptake Inhibitor (SSRI),Zoloft,Sertraline,""
Zoloft,Selective Serotonin Reuptake Inhibitor (SSRI),Zoloft,Sertraline,""
Zofran 4 Mg,5-ht3 antagonist,Zofran,Ondansetron,""
Zofran,5-ht3 antagonist,Zofran,Ondansetron,""
Zocor,Statin,Zocor,Simvastatin,""
Zip,?,?,?,""
Zioptan,Glaucoma Medication,Zioptan,Tafluprost,""
Zinc,Vitamin,Zinc,Zinc,""
Zetia,Cholesterol Medication,Zetia,Ezetimibe,""
Zestril,Ace Inhibitor,Zestril,Lisinopril,""
Zestoretic,"Diuretic,Antihypertensive",Zestoretic,"Hydrochlorothiazide,Lisinopril",""
Zeldocs,Antipsychotic,Zeldox,Ziprasidone,""
Zaridex+,"Antacid,Antihistamine",Zaridex,Ranitidine,""
Zaridex,"Antacid,Antihistamine",Zaridex,Ranitidine,""
zaridex,"Antacid,Antihistamine",Zaridex,Ranitidine,""
Zantac,"Antacid,Antihistamine",Zaridex,Ranitidine,""
Z,?,?,?,""
yyy,?,?,?,""
Yrst,"","","",""
Yep,"","","",""
Yello demo,"","","",""
Yazmin,Birth Control,Yasmin,Drospirenone,""
Yasmin,Birth Control,Yasmin,Drospirenone,""
Xyzal,"","","",""
Xyrem,"","","",""
Xigduo,"","","",""
Xifaxan,"","","",""
Xeralto,"","","",""
Xenadrine,"","","",""
Xeljanz,"","","",""
Xarelto,"","","",""
Xanax,"","","",""
Xalatan2,"","","",""
Xalatan,"","","",""
X,"","","",""
Womenâ€™s One a Day,"","","",""
Women's Multi,"","","",""
Wobenzym N,"","","",""
Withania Complex,"","","",""
Wipe,"","","",""
White,"","","",""
Wellbutron,"","","",""
Wellbutrin XL,"","","",""
Wellbutrin Xl,"","","",""
Wellbutrin SR,"","","",""
Wellbutrin,"Smoking cessation aid, antidepressant",Welbutrin,Bupropion,""
Wellbutrin,"Smoking cessation aid, antidepressant",Welbutrin,Bupropion,""
Welbutrin and Fluoxetine,"","","",""
Welbutrin & Fluoxetine,"","","",""
Welbutrin,"","","",""
Web App Test,Test,Test,Test,""
Water Breathe Walk,-,-,-,""
Water,-,-,-,""
Warifarin,Blood Thinner,Warfarin,Warfarin,""
Warfrin,Blood Thinner,Warfarin,Warfarin,""
warfarin,Blood Thinner,Warfarin,Warfarin,""
Warfarin,Blood Thinner,Warfarin,Warfarin,""
Walkwithwaterbreath,"","","",""
Walfed,"","","",""
w1,"","","",""
W1,"","","",""
W W B,"","","",""
W,"","","",""
Vyvanse (1,Stimulant,Vyvanse,Lisdexamfetamine,""
Vyvanse 20mg,Stimulant,Vyvanse 20mg,Lisdexamfetamine,""
Vyvanse,Stimulant,Vyvanse,Lisdexamfetamine,""
Vyvanse,Stimulant,Vyvanse,Lisdexamfetamine,""
Vtamin c,"","","",""
Vtamin,"","","",""
Vraylar,"","","",""
Vpill,"","","",""
Voltev,"","","",""
Vivance,"","","",""
Vitrum,"","","",""
Vitimin 5,"","","",""
Vitimin,"","","",""
Vitex,"","","",""
Vitaspectrum,"","","",""
Vitamun D,"","","",""
Vitamun B,"","","",""
Vitamon C,"","","",""
Vitamn D3,"","","",""
Vitamins X2,"","","",""
Vitamins,"","","",""
Vitamined,"","","",""
Vitamine d,"","","",""
Vitamine C,"","","",""
Vitamine a,"","","",""
Vitamine,"","","",""
VitaminD3,"","","",""
vitaminC,"","","",""
VitaminA,"","","",""
Vitamin Zz,"","","",""
vitamin z,"","","",""
Vitamin Z,"","","",""
Vitamin Y,"","","",""
Vitamin Xy,"","","",""
Vitamin XX,"","","",""
Vitamin x2,"","","",""
vitamin x,"","","",""
Vitamin X,"","","",""
Vitamin With Seal,"","","",""
Vitamin Test,"","","",""
Vitamin R,"","","",""
vitamin p,"","","",""
Vitamin P,"","","",""
Vitamin Multi B,"","","",""
Vitamin Mix,"","","",""
Vitamin L,"","","",""
Vitamin K2 & D3,"","","",""
Vitamin K2,"","","",""
Vitamin E,"","","",""
Vitamin D3Dietary Supplemen,"","","",""
Vitamin D3 Mark,"","","",""
Vitamin D3 And Ca,"","","",""
Vitamin D3 1000 IU,"","","",""
Vitamin D3 1000,"","","",""
Vitamin d3,"","","",""
Vitamin D3,"","","",""
Vitamin D2,"","","",""
Vitamin D 3 50,"","","",""
Vitamin D,Vitamin,Vitamin D,Vitamin D,""
Vitamin d,Vitamin,Vitamin D,Vitamin D,""
vitamin D,Vitamin,Vitamin D,Vitamin D,""
Vitamin D,Vitamin,Vitamin D,Vitamin D,""
Vitamin c,"","","",""
Vitamin C,"","","",""
Vitamin B12 + Polic Acid,"","","",""
Vitamin B12,"","","",""
Vitamin B Complex,"","","",""
Vitamin B & D,"","","",""
Vitamin B,"","","",""
Vitamin B,"","","",""
Vitamin A,"","","",""
Vitamin - No seal,"","","",""
Vitamin 2,"","","",""
Vitamin 1,"","","",""
Vitamin,"","","",""
vitamin,"","","",""
Vitamin,"","","",""
Vitamib D3,"","","",""
Vitami b,"","","",""
Vitality balance,"","","",""
Vitafusion,"","","",""
Vitafol,"","","",""
vita B mix,"","","",""
vita,"","","",""
Vit D3,"","","",""
Vit,"","","",""
vit,"","","",""
Vistaril,"","","",""
Viread,"","","",""
Viramin D,"","","",""
Vimpat Whole Pill 1 Morning 2 Evening,"","","",""
Vimpat (Lacosamide 50mg,"","","",""
Vimpat (Lacosamide 1/2 Pill 25mg,"","","",""
Vimpat,"","","",""
Vimovo,"","","",""
Viibryd,"","","",""
Viiamin D3,"","","",""
Vienva,"","","",""
Vicodin,"","","",""
Viagra,"","","",""
Vi,"","","",""
Verelan,"","","",""
Verdinexor,"","","",""
Verapamil ER,"","","",""
Verapamil,"","","",""
Ventolin,"","","",""
VENLAFAXINE XR,"","","",""
Venlafaxine,"","","",""
venlafaxine,"","","",""
Vemlidy,"","","",""
Vcc,"","","",""
VC,"","","",""
Vayarin,"","","",""
Valtrex,"","","",""
Valsartan,"","","",""
Valproic,"","","",""
Valium,"","","",""
Valcyclovir,"","","",""
V3,"","","",""
V2,"","","",""
v,"","","",""
V,"","","",""
ursodiol,"","","",""
Untitled,"","","",""
Unithroid,"","","",""
Unisom Sleepgels Nighttime Sleep-Aid,"","","",""
Ultracet,"","","",""
Uloric,"","","",""
u2,"","","",""
Tylenol With Codeine,"","","",""
Tylenol Extra Strength,"","","",""
Tylenol Cold Multi-Symptom Daytime,"","","",""
Tylenol ar,"","","",""
Tylenol,"","","",""
Tyle,"","","",""
Tykerb,"","","",""
Tyhromazol,"","","",""
Twst2,"","","",""
Twst,"","","",""
Two Meds,"","","",""
Two,"","","",""
Turmeric Curcumin,"","","",""
Turmeric,"","","",""
Turmeric,"","","",""
Tums,"","","",""
TumorKiller,"","","",""
TruVision,"","","",""
Truvda,"","","",""
Truvada3,"","","",""
Truvada2,"","","",""
Truvada,"","","",""
Truvada,"","","",""
Trunature digestive probiotic,"","","",""
Trubavad,"","","",""
Trstfhhy,"","","",""
Trst,"","","",""
Triumeq,"","","",""
Trittico,"","","",""
Tritico,"","","",""
Triprevifem,"","","",""
Tripreifem,"","","",""
Trintellix,"","","",""
Trinessa,"","","",""
Trileptal,"","","",""
Tricare Prenatal Dha One,"","","",""
Triamcinolone,"","","",""
Tri-lo Marzia,"","","",""
Tri cyclen,"","","",""
Tri,"","","",""
Treximet,"","","",""
Tresiba,"","","",""
Treibstoff,"","","",""
Trdt,"","","",""
Trazodone,"","","",""
traZODone,"","","",""
Trazadone,"","","",""
Tramodol,"","","",""
Tramadol,"","","",""
Tramadol,"","","",""
Tradjenta,"","","",""
Trace Mineral Tablets And Restore,"","","",""
Toprolxl,"","","",""
Toprol,"","","",""
Topomax,"","","",""
topiramate,"","","",""
Topiramate,"","","",""
Topamax,"","","",""
Top Care,"","","",""
Tom,"","","",""
Tivocay,"","","",""
Tivicay,"","","",""
TicTacs,"","","",""
Tictacs,"","","",""
Thyrovanz,"","","",""
Thyrosol,"","","",""
ThyroMate,"","","",""
Thyrolar,"","","",""
Thyroid Pure Encapsulations,"","","",""
Thyroid meds,"","","",""
Thyroid Hormone,"","","",""
Thyroid Helper,"","","",""
Thyroid Health,"","","",""
Thyroid 200 mcg,"","","",""
Thyroid,"","","",""
Thyroid,"","","",""
Thyrocare,"","","",""
Thrive Shake,"","","",""
Thrive Patch,"","","",""
Thrive,"","","",""
Thrive,"","","",""
Three,"","","",""
This Is An Absurdly Long Drug Name,"","","",""
Thera-D,"","","",""
Theobromine,"","","",""
The Red One,"","","",""
The real red pill,"","","",""
THC,"","","",""
Tetrahydrocannabinol,"","","",""
TestTest,Test,Test,Test,""
Testsfgh,Test,Test,Test,""
Tests,Test,Test,Test,""
Testred,Test,Test,Test,""
Testpill,Test,Test,Test,""
Testosterone 2x A Week,"","","",""
Testosterone,"","","",""
Testor,Test,Test,Test,""
Testing,Test,Test,Test,""
Tester123,Test,Test,Test,""
tester,Test,Test,Test,""
Tester,Test,Test,Test,""
Test.,Test,Test,Test,""
Test12345,Test,Test,Test,""
test12345,Test,Test,Test,""
Test1234Jul12,Test,Test,Test,""
Test124,Test,Test,Test,""
Test123abc,Test,Test,Test,""
Test123 Nov13 2016,Test,Test,Test,""
Test6,Test,Test,Test,""
Test5,Test,Test,Test,""
Test4,Test,Test,Test,""
Test3,Test,Test,Test,""
Test2,Test,Test,Test,""
Test1,Test,Test,Test,""
Test Red 2,Test,Test,Test,""
Test Pills,Test,Test,Test,""
Test Pill 2,Test,Test,Test,""
Test Pill,Test,Test,Test,""
test oct292016,Test,Test,Test,""
test oct30 2,Test,Test,Test,""
test Oct 30 3,Test,Test,Test,""
test nov 6,Test,Test,Test,""
Test Meds,Test,Test,Test,""
Test Medication,Test,Test,Test,""
Test Drug 2,Test,Test,Test,""
Test drug,Test,Test,Test,""
test drug,Test,Test,Test,""
Test Drug,Test,Test,Test,""
Test chuks,Test,Test,Test,""
Test Caps,Test,Test,Test,""
Test Cap,Test,Test,Test,""
Test Board,Test,Test,Test,""
Test Blue1,Test,Test,Test,""
Test Blue,Test,Test,Test,""
Test Alarm 2,Test,Test,Test,""
Test alarm,Test,Test,Test,""
Test Alarm,Test,Test,Test,""
Test - Wireless Iff,Test,Test,Test,""
Test 43,Test,Test,Test,""
Test 5,Test,Test,Test,""
Test 4,Test,Test,Test,""
Test 3,Test,Test,Test,""
Test 2,Test,Test,Test,""
"Test 1""""",Test,Test,Test,""
Test 1,Test,Test,Test,""
Test,Test,Test,Test,""
TEST,Test,Test,Test,""
Test,Test,Test,Test,""
test,Test,Test,Test,""
Tessssst,Test,Test,Test,""
Tessalon,"","","",""
Tes 3,"","","",""
Tes,"","","",""
Terbinafine,"","","",""
Terazosin,"","","",""
Tenormin,"","","",""
temazepam,"","","",""
Telmisarten,"","","",""
Tekturna,"","","",""
Tegretol 2,"","","",""
Tegretol,"","","",""
Teddy Meds,"","","",""
techfidera,"","","",""
Tecfidera,"","","",""
Tea,"","","",""
Te St,"","","",""
Taytulla,"","","",""
Taurine,"","","",""
Tandem Dha,"","","",""
TAMSULOSIN .4 MG,"","","",""
Tamsulosin,"","","",""
tamoxifen,"","","",""
Take Pill,"","","",""
Take As Needed Test Drug,"","","",""
tacrolimus,"","","",""
Tacrolimus,"","","",""
Tacrolimis,"","","",""
Tabletka,"","","",""
T Risible 40 mg,"","","",""
T,"","","",""
Systane Lubrikant 15 ML GÃ¶z DamlasÄ±,"","","",""
Synthyroid(Yellow 2,"","","",""
Synthyroid(Y 2,"","","",""
synthyroid 100ug,"","","",""
Synthyroid 0.05mg,"","","",""
synthyroid 0.1mg,"","","",""
synthyroid,"","","",""
Synthroid,"","","",""
Synthroid,"","","",""
Supplements,"","","",""
Super Duper Brain Pills,"","","",""
Sumavel Dosepro,"","","",""
Sulfasalazine,"","","",""
Sulfamethoxazole And Trimethoprim,"","","",""
Sulcrafate,"","","",""
SugarBear Hair Vitamins,"","","",""
Sugar,"","","",""
Stuff,"","","",""
Stride,"","","",""
Stribild,"","","",""
Strattera,"","","",""
Stool Softener Docusate Sodium,"","","",""
Stool Softener,"","","",""
Steroid,"","","",""
Stattera,"","","",""
Statin,"","","",""
Sprintex,"","","",""
Sprintec,"","","",""
spironolactone,"","","",""
Spirolina,"","","",""
Spirinolactone,"","","",""
Spezial,"","","",""
Speekselmeting,"","","",""
spare,"","","",""
Sovaldi,"","","",""
sotalol,"","","",""
Sortiva,"","","",""
Solvaldi,"","","",""
Sodium Naproxen,"","","",""
Socialfear Relief,"","","",""
Sms Test,"","","",""
Smartypants Prenatal,"","","",""
Slo-mag,"","","",""
Sleeping Pills,"","","",""
Sleep,"","","",""
Skittles,"","","",""
Skin,"","","",""
Singular,"","","",""
Singulair,"","","",""
Sinemet,"","","",""
Simvastatin,"","","",""
simvastatin,"","","",""
Simstavition,"","","",""
SF 722,"","","",""
SF 722,"","","",""
Sertraline hcl,"","","",""
Sertraline HCL,"","","",""
sertraline,"","","",""
Sertraline,"","","",""
Sertaline,"","","",""
Serquil,"","","",""
Seroquel 100 mg,"","","",""
Seroquel 100 Mg,"","","",""
Seroquel 50 mg,"","","",""
Seroquel,"","","",""
seroquel,"","","",""
Serequil,"","","",""
Serc,"","","",""
Seraquel 200 Mg,"","","",""
Seraquel 100mg,"","","",""
Sennosides,"","","",""
Senna,"","","",""
Selegiline,"","","",""
Select Ob,"","","",""
Sedatif PC,"","","",""
Se-Natal One,"","","",""
Saw Palmetto,"","","",""
Savella,"","","",""
Sasafrass,"","","",""
Sarafem,"","","",""
Sanity,"","","",""
SAMe,"","","",""
Salt,"","","",""
Salivette,"","","",""
S5,"","","",""
S1,"","","",""
S,"","","",""
Rytary,"","","",""
Rozerem,"","","",""
Roweepra,"","","",""
routine,"","","",""
round 20 mg,"","","",""
ROPINIRole,"","","",""
Romtoid,"","","",""
Rizatripton Benzoate,"","","",""
Ritalin,"","","",""
Risperidone 2mg,"","","",""
Risperidone 1mg,"","","",""
Risperidone,"","","",""
risperdal,"","","",""
Riseperidone,"","","",""
Ris,"","","",""
Rifaximin & Vancomycin,"","","",""
Restore,"","","",""
Rest Of Meds,"","","",""
Reprexain,"","","",""
Remeron,"","","",""
Regular Strength Acid Reducer,"","","",""
Reddy,"","","",""
Red pillsy,"","","",""
Razo,"","","",""
Raw D3,"","","",""
Ranitidine,"","","",""
ranitidine,"","","",""
ramipril,"","","",""
Raminmed2,"","","",""
Rainbow Light - Menâ€™s One Multivitamin,"","","",""
r1,"","","",""
R,"","","",""
quinapril,"","","",""
Quiet Digestion,"","","",""
Quasense,"","","",""
Qc,"","","",""
Q6,"","","",""
Q5,"","","",""
Q4,"","","",""
Q3,"","","",""
Q2,"","","",""
Q1,"","","",""
q1,"","","",""
Q,"","","",""
Pytest,"","","",""
Pyridium,"","","",""
Purple,"","","",""
Pumpkin Seed,"","","",""
Pseudoephedrine,"","","",""
Prozac,"","","",""
Provigil,"","","",""
Protonix (pantoprazole,"","","",""
Protonix,"","","",""
Propylthiouracil,"","","",""
Propranolol XR,"","","",""
Propranolol ER,"","","",""
Propranolol,"","","",""
Propranolol,"","","",""
propranolol,"","","",""
Propranalol,"","","",""
Propesia,"","","",""
Propecia,"","","",""
Propanolol,"","","",""
Prograf,"","","",""
Proferrin Forte,"","","",""
ProDHA,"","","",""
Procysbi,"","","",""
Probotics Magnesium Prevastatin,"","","",""
Probiotics,"","","",""
Probiotic,"","","",""
Probaiotic,"","","",""
Pristiq,"","","",""
Primrose Oil,"","","",""
Primary Hiv Med,"","","",""
Primal probiotics,"","","",""
Prilosec,"","","",""
Prezcobix,"","","",""
Prevagen,"","","",""
Prevacid,"","","",""
Press Point Claphands Stretch,"","","",""
Preque 10,"","","",""
PreP,"","","",""
Prep,"","","",""
PreP,"","","",""
Prenate Star,"","","",""
prenatal vitamins plus,"","","",""
Prenatal Vitamins,"","","",""
Prenatal Vitamin (Rainbow Light,"","","",""
Prenatal Vitamin,"","","",""
Prenatal v,"","","",""
Prenatal Plus,"","","",""
Prenatal Pilsy Cap,"","","",""
Prenatal Multivitamin,"","","",""
Prenatal,"","","",""
Prenatal,"","","",""
Pregabalina,"","","",""
Pregabalin,"","","",""
Pregabali,"","","",""
Pregabablin,"","","",""
Prednisone 12.5 Mg,"","","",""
Prednisone 10 Mg,"","","",""
Prednisone 8mg,"","","",""
Prednisone 7mg,"","","",""
prednisone 7 mg,"","","",""
Prednisone 6 Mg,"","","",""
Prednisone 5mg,"","","",""
Prednisone,"","","",""
prednisone,"","","",""
Prednison 9 Mg,"","","",""
Prednison 6 mg,"","","",""
Prednisolone Gatifloxacin,"","","",""
Pre-Natal,"","","",""
Pravastatin,"","","",""
pravastatin,"","","",""
Pravachol,"","","",""
Pramipexole,"","","",""
Pradaxa,"","","",""
Pp,"","","",""
Pops Pills,"","","",""
Polic Asid,"","","",""
Polic Acid,"","","",""
Pnv Prenatal Vitamin,"","","",""
Pnv Prenatal Plus Multivitamin,"","","",""
Plavix,"","","",""
Plaquenil,"","","",""
Plaquanel,"","","",""
Placebo,"","","",""
Piquete's meds,"","","",""
pioglitazone,"","","",""
Pioglitazone,"","","",""
Pink Pills,"","","",""
Pimobendan,"","","",""
PillsyCap1,"","","",""
Pillsycap,"","","",""
Pillsy Test,"","","",""
Pillsy One,"","","",""
Pills Benoit,"","","",""
Pills,"","","",""
Pills,"","","",""
Pill3,"","","",""
Pill2,"","","",""
Pill1,"","","",""
Pill 2,"","","",""
Pill 1,"","","",""
Pill,"","","",""
Phermentine,"","","",""
phentermine,"","","",""
Phenobarbital/Zonisamide,"","","",""
phenobarbital,"","","",""
Phenitropic,"","","",""
Phenergan,"","","",""
Phenazopyridine,"","","",""
PGX Daily Fiber Softgel,"","","",""
Percuset,"","","",""
Percocet,"","","",""
Peptiva,"","","",""
PEP,"","","",""
Pentasa,"","","",""
penicillin v potasium,"","","",""
penicillin v,"","","",""
Penicillin,"","","",""
Peanut M&M,"","","",""
Pcb,"","","",""
Pazopanib,"","","",""
Paxilcr,"","","",""
Paxil,"","","",""
Paroxetine,"","","",""
Paroxetina 7.5mg,"","","",""
Parcopa,"","","",""
Para,"","","",""
pantoprazole,"","","",""
Pantoprazole,"","","",""
Panto And Thyroid,"","","",""
Panflex 2,"","","",""
Panangin,"","","",""
Panadol,"","","",""
Pain Pills,"","","",""
Pain Medicine,"","","",""
Pain Med,"","","",""
Pain M,"","","",""
Pain,"","","",""
P88 Vitamin,"","","",""
P88 Pillsy,"","","",""
p88,"","","",""
P88,"","","",""
p1,"","","",""
P,"","","",""
Oxycontin,"","","",""
Oxycodone upstairs,"","","",""
Oxycodone downstairs,"","","",""
Oxycodone 30,"","","",""
Oxycodone,"","","",""
Oxy,"","","",""
Oxtellar Xr,"","","",""
Oxtellar Small,"","","",""
Oxtellar,"","","",""
Oxicodone,"","","",""
Oxcarbazepine,"","","",""
Oxcar,"","","",""
Otezla,"","","",""
Osteo Biflex,"","","",""
Oseltamivir Phosphate,"","","",""
Ortho D,"","","",""
Orange Vial - With Seal,"","","",""
Orange Vial - No Seal,"","","",""
Orange pillsyCap,"","","",""
Orange,"","","",""
Optilova,"","","",""
Opti-Women,"","","",""
Ontwaken +15,"","","",""
Ontwaken,"","","",""
One clic,"","","",""
One a day vitamin,"","","",""
One A Day VitaCraves,"","","",""
One A Day Mens,"","","",""
one a day,"","","",""
One A Day,"","","",""
One,"","","",""
Ondansetron,"","","",""
ON OPTI-MEN,"","","",""
ON Men Vitamin,"","","",""
Omeprazole 20 mg,"","","",""
Omeprazole,"","","",""
Omega-3 Krill Oil,"","","",""
Omega Oil,"","","",""
Omega 3s,"","","",""
Omega 3-6-9,"","","",""
Ã”mega 3 DHA,"","","",""
Omega 3,"","","",""
Omega,"","","",""
Ome,"","","",""
Olmesartan Medoxomil,"","","",""
Olmesartan,"","","",""
Olanzapine,"","","",""
Odefsey,"","","",""
ODEF,"","","",""
Oct 30 test,"","","",""
Ochtend Setje,"","","",""
Oc,"","","",""
O,"","","",""
Nyquil,"","","",""
Nuvigil,"","","",""
Nuvaring,"","","",""
Nuva Ring,"","","",""
Number 1,"","","",""
Np Thyroid 30,"","","",""
Novolog,"","","",""
Notification Test 2,"","","",""
Notification Test,"","","",""
Notification,"","","",""
Norvasc,"","","",""
nortriptyline,"","","",""
Nortriptyline,"","","",""
norethindrone acetate and ethinyl estradiol tablets,"","","",""
Norco,"","","",""
Nora Be,"","","",""
Nootropics,"","","",""
NO3,"","","",""
no device,"","","",""
Nitrofurantoin Mono-MCR,"","","",""
Nitrofurantoin Mono- MCR,"","","",""
Nitrofurantoin,"","","",""
Nikoran,"","","",""
Night Pills,"","","",""
Night Medicine,"","","",""
nifedipine,"","","",""
Nexivol,"","","",""
Nexium 24Hr,"","","",""
Nexium,"","","",""
Newmeds,"","","",""
Newmed,"","","",""
New Test,"","","",""
New Gummies,"","","",""
New Drug,"","","",""
New Device,"","","",""
New Correct,"","","",""
New Cap,"","","",""
New Cap,"","","",""
New Button,"","","",""
New,"","","",""
Neuryl,"","","",""
Neurontin,"","","",""
Neomycin Polymyxin Hydrocortisone,"","","",""
Neo Melubrina,"","","",""
Neck,"","","",""
Naturethyroid,"","","",""
NatureMade Multivitamin,"","","",""
Naturemade Multivitamin,"","","",""
NatureMade Diabetes Health Pack,"","","",""
Natureâ€™s Top MVL,"","","",""
Natureâ€™s Bounty Vitamin D3,"","","",""
Nature's Way Alive! Men's 50+,"","","",""
Nature-Thyroid,"","","",""
Nature-Throid,"","","",""
Natural Fiber,"","","",""
Naproxen Sodium,"","","",""
Naproxen,"","","",""
Naproxen,"","","",""
Naprosyn,"","","",""
Namenda,"","","",""
naltrexone,"","","",""
Nah,"","","",""
Nada,"","","",""
Nachtpilletje,"","","",""
N-A-C,"","","",""
Mysoline,"","","",""
Myrbetriq,"","","",""
Myorisan,"","","",""
My Way,"","","",""
My Pillsy 3,"","","",""
My Pillsy 2,"","","",""
MVI,"","","",""
Mvc,"","","",""
Mv,"","","",""
Mutivitamin,"","","",""
Mushroom Formula,"","","",""
MultiVite,"","","",""
MultiVitamins,"","","",""
Multivitamins,"","","",""
MultiVitamin1,"","","",""
Multivitamin With Fluoride,"","","",""
Multivitamin Gummies,"","","",""
Multivitamin,"","","",""
MultiVitamin,"","","",""
multivitamin,"","","",""
Multivitamin,"","","",""
Multivitamim,"","","",""
Multivitami/Mineral,"","","",""
Multivit-Flouride,"","","",""
Multi-Vitamin With Fluoride,"","","",""
Multi-Vitamin,"","","",""
Multi Vitimin,"","","",""
Multi Vitamon,"","","",""
Multi vitamins,"","","",""
Multi Vitamin And Mineral,"","","",""
Multi Vitamin,"","","",""
Multi vitamin,"","","",""
Multi And Calcium,"","","",""
Multi,"","","",""
Multi,"","","",""
Mucinex DM,"","","",""
Ms Contin,"","","",""
Movantik,"","","",""
Morphine Sulfate Instant Release,"","","",""
Morphine Immediate Release,"","","",""
morphine extended release,"","","",""
Morphine,"","","",""
Morning Vitamins,"","","",""
Morning pills,"","","",""
Morning Pills,"","","",""
Morning pill,"","","",""
Morning Pill,"","","",""
Morning Meds,"","","",""
Morning med,"","","",""
Morning dose,"","","",""
Moonjuice,"","","",""
Moon Juice,"","","",""
montelukast,"","","",""
Montelukast,"","","",""
Mono-Linyah,"","","",""
Mometasone Furoate,"","","",""
Moltivitamin,"","","",""
Moloxicam,"","","",""
Modafinil,"","","",""
modafinil,"","","",""
mirtazapine,"","","",""
Mircette,"","","",""
Mirapex,"","","",""
Miralax,"","","",""
minocycline,"","","",""
Minocycline,"","","",""
Miltivitamine flouride,"","","",""
Midodrine,"","","",""
Mid-Day Meds,"","","",""
Microzide,"","","",""
Microgestin FE 1/20,"","","",""
Microgestin,"","","",""
Mico-polypor,"","","",""
Mico-Onco,"","","",""
Micardis,"","","",""
MIC 2x Per Week,"","","",""
Mic,"","","",""
Mg,"","","",""
Metroprolol Succ,"","","",""
Metroprolol,"","","",""
Metropolo,"","","",""
Metronidazole,"","","",""
Metphormin,"","","",""
Metoprolol Tartrate,"","","",""
Metoprolol Succinate ER,"","","",""
Metoprolol Succ ER,"","","",""
Metoprolol Succ Er,"","","",""
Metoprolol Succ er,"","","",""
Metoprolol ER Succinate,"","","",""
metoprolol,"","","",""
Metoprolol,"","","",""
Metoclopramida,"","","",""
methylprednisolone,"","","",""
Methylphenidate PM,"","","",""
methylphenidate extended release,"","","",""
Methylphenidate AM,"","","",""
methylphenidate,"","","",""
Methylphenidate,"","","",""
methylergonovine,"","","",""
MethylAssist,"","","",""
Methyl Pro B-Complex,"","","",""
MethyIPREDNIsolone,"","","",""
methotrexate,"","","",""
Methocarbamol,"","","",""
methimazole,"","","",""
Methimazole,"","","",""
Methadose,"","","",""
Metformin2,"","","",""
Metformin Hydrocholride,"","","",""
metformin hydrochloride,"","","",""
Metformin HCL ER 24HR,"","","",""
Metformin HCL,"","","",""
metformin hcl,"","","",""
Metformin + Vitex,"","","",""
Metformin,"","","",""
MetFormin,"","","",""
metformin,"","","",""
Metformin,"","","",""
metFormin,"","","",""
Metforim,"","","",""
Metfomin ER,"","","",""
Metfomin,"","","",""
Metamucil,"","","",""
Metaformin,"","","",""
metadate er,"","","",""
Met,"","","",""
Mesulid,"","","",""
Mestinon,"","","",""
Mens Once A Day,"","","",""
Mens Multivitamin,"","","",""
Mens Every Day,"","","",""
Mendamine,"","","",""
Men's Multivitamin (OPTIMEN,"","","",""
meloxicam,"","","",""
Melatonin,"","","",""
Megared,"","","",""
Mega Red,"","","",""
Mega Food Multi Vitamin,"","","",""
meds2,"","","",""
Meds Blue,"","","",""
Meds,"","","",""
Medrol,"","","",""
Medicine Shoppe Allergy Relief D24,"","","",""
Medicine,"","","",""
Medicine,"","","",""
medicine,"","","",""
Medications,"","","",""
Medication,"","","",""
Medication,"","","",""
Medi-Flexx Rx,"","","",""
Medi-Doze Rx,"","","",""
MedDemo,"","","",""
Med1,"","","",""
Med 4,"","","",""
Med 3,"","","",""
Med 1,"","","",""
Meclizine,"","","",""
Me,"","","",""
MCT Oil,"","","",""
Maximum Strength Zantac,"","","",""
Mavik 2mg,"","","",""
Matts,"","","",""
Mattix Eye Drops,"","","",""
Marvelon 21,"","","",""
Marlissa,"","","",""
mark,"","","",""
Manual Take Test,"","","",""
Manual Take - Taken,"","","",""
Manly Vitamins,"","","",""
Man souo,"","","",""
Man pills,"","","",""
Maintenance med,"","","",""
Main,"","","",""
Magnii Vitamin Grup B,"","","",""
Magnesium,"","","",""
magnesium oxide,"","","",""
Magnesium Citrate,"","","",""
Magnesium Asporotate,"","","",""
Magnesium,"","","",""
Magnesio,"","","",""
Magnï¿½sio,"","","",""
Magmesium,"","","",""
Mad Pills,"","","",""
Macrobid,"","","",""
Maca,"","","",""
M&A,"","","",""
M,"","","",""
Lyrica,"","","",""
Luvox Cr,"","","",""
Lutein,"","","",""
Lupin,"","","",""
Lunesta,"","","",""
Luefludimine,"","","",""
Lsd2,"","","",""
Lsd,"","","",""
Low Dose Aspirin 81 Mg,"","","",""
Low Dose Aspirin,"","","",""
Lovaza,"","","",""
LOSTRAN/HCT50-12.5MG,"","","",""
LOSARTAN/HCT 50-12.5mg,"","","",""
Losartan-HCTZ 100,"","","",""
Losartan-hctz 50-12.5MG,"","","",""
Losartan Tablets,"","","",""
Losartan Tablets,"","","",""
Losartan potassium,"","","",""
Losartan,"","","",""
Losartan,"","","",""
Loryna,"","","",""
Lorcet Plus,"","","",""
lorazepam,"","","",""
Loratidine,"","","",""
Loratadine,"","","",""
Lopressor,"","","",""
Logest,"","","",""
Lodipine Besylate,"","","",""
Lo Loestrin Fe,"","","",""
Liver,"","","",""
Lithobid,"","","",""
Lithium Carbonate ER,"","","",""
lithium carbonate,"","","",""
Lithium Carbonate,"","","",""
lithium,"","","",""
Lithium,"","","",""
Lith,"","","",""
Lisinopril/HCTZ,"","","",""
LISINOPRIL-HCTZ,"","","",""
Lisinopril-hctz 10-12.5 Mg,"","","",""
Lisinopril-HCTZ,"","","",""
Lisinopril With,"","","",""
Lisinopril and Hydrochlorothiazide,"","","",""
lisinopril and,"","","",""
Lisinopril 20Mg,"","","",""
Lisinopril 10Mg,"","","",""
Lisinopril 5Mg,"","","",""
Lisinopril,"","","",""
Lisinopril,"","","",""
Lisinop/Hctz,"","","",""
Liquid Calcium,"","","",""
Liptruzet,"","","",""
Liptor,"","","",""
Lipton,"","","",""
Liprinosil,"","","",""
Lipofen,"","","",""
Lipo-Flavonoid,"","","",""
Lipitot,"","","",""
Lipitor (atorvastatin,"","","",""
Lipitor 200,"","","",""
Lipitor 20mg,"","","",""
Lipitor 2,"","","",""
Lipitor,"","","",""
Lipitor,"","","",""
Lipit,"","","",""
Lipio,"","","",""
Lipie,"","","",""
Lipanthyl,"","","",""
Lip,"","","",""
liothyronine,"","","",""
Lioresal,"","","",""
linsopril,"","","",""
Linsinopril,"","","",""
Libifeme,"","","",""
Lialda,"","","",""
Li,"","","",""
Lexipro,"","","",""
Lexapro,"","","",""
Lexapro,"","","",""
Levsin Other,"","","",""
Levsin,"","","",""
Levoxylthorine,"","","",""
Levoxyl,"","","",""
Levotiroxina,"","","",""
Levothyxine,"","","",""
Levothyroxine Sodium,"","","",""
LEVOTHYROXINE SODIUM,"","","",""
Levothyroxine 112,"","","",""
Levothyroxine 88,"","","",""
Levothyroxine,"","","",""
Levothyroxine,"","","",""
Levothyroxin,"","","",""
Levothroid,"","","",""
Levora,"","","",""
levocetirizine,"","","",""
Levo,"","","",""
Levo,"","","",""
Levithyroxine,"","","",""
Levetiractam,"","","",""
Levetiracetam,"","","",""
Levemir,"","","",""
Levelthyroxin,"","","",""
Levathyroxine,"","","",""
Lemon Water,"","","",""
Lello,"","","",""
Leg Cramp Relief,"","","",""
Leg And Back Pain Relief,"","","",""
leflunomide,"","","",""
Lebothyroxin,"","","",""
Latuda,"","","",""
Lasix,"","","",""
lantus,"","","",""
Lantis,"","","",""
Lansoprazole,"","","",""
Lamotrogine PM,"","","",""
Lamotrogine AM,"","","",""
Lamotrogine,"","","",""
lamotrigine extended release,"","","",""
Lamotrigine 150mg,"","","",""
Lamotrigine,"","","",""
lamotrigine,"","","",""
Lamictol,"","","",""
Lamictal XR,"","","",""
Lamictal 100 Mg,"","","",""
Lamictal,"","","",""
Lakota Arthirtis,"","","",""
labetalol,"","","",""
L-Theanine (1,"","","",""
L-lysine,"","","",""
L-Lysine,"","","",""
L-carnitine,"","","",""
L-Arginine,"","","",""
L,"","","",""
Krill oil,"","","",""
Krill Oil,"","","",""
Kratam,"","","",""
Ko,"","","",""
Klonopin,"","","",""
klonopin,"","","",""
Kirkland Allergy pill,"","","",""
Keratin,"","","",""
keratin,"","","",""
Kepra,"","","",""
Keppra ER 750mg,"","","",""
Keppra ER 500mg,"","","",""
Keppra 750mg,"","","",""
Keppra,"","","",""
Kelp,"","","",""
Keflex,"","","",""
Kazano,"","","",""
K,"","","",""
Junk	,?,?,?,""
Junk,?,?,?,""
Junel 1.5/30,"","","",""
Junel,"","","",""
Julie,"","","",""
Jul13test4,"","","",""
Jul12Test1,"","","",""
Judy D3,"","","",""
Jordan & David,"","","",""
Jordan,"","","",""
Jolivette,"","","",""
Jjj,"","","",""
Jenna's Fave,"","","",""
Jencycla,"","","",""
Januvia,"","","",""
Januva,"","","",""
Janumet,"","","",""
Jantoven,"","","",""
Janovia,"","","",""
Jamies candy from me,"","","",""
iven,"","","",""
isoniazid,"","","",""
Isoface,"","","",""
Islotin Retard,"","","",""
Isentress,"","","",""
iron supplement,"","","",""
Iron Biotin Vitc,"","","",""
Iron,"","","",""
Iron,"","","",""
Injection,"","","",""
Inhaler,"","","",""
Inderal Xl,"","","",""
Inderal,"","","",""
Imunokomplex,"","","",""
Imdur,"","","",""
Ifo,"","","",""
Ibuprofen Pain Reliever/Fever Reducer,"","","",""
Ibuprofen,"","","",""
IBU,"","","",""
Ibrance,"","","",""
Hyzaar,"","","",""
Hysingla ER,"","","",""
Hysingla Er,"","","",""
Hysingla,"","","",""
Hypertension Drug Demo,"","","",""
Hypertension,"","","",""
Hydroxyzine,"","","",""
Hydroxycut,"","","",""
Hydroxychloroquine,"","","",""
Hydroxicut,"","","",""
hydrocortisone,"","","",""
Hydrocodone/ Acetaminophen,"","","",""
Hydrocodone-Acetaminophen,"","","",""
Hydrocodone And Acetaminophen,"","","",""
Hydrocodone Acetaminophen,"","","",""
Hydrocodone,"","","",""
Hydrocodone,"","","",""
hydrochlorothiazide,"","","",""
Hydrochlorothiazide,"","","",""
Hydro,"","","",""
Hydrazine,"","","",""
hydOXYzine PAM,"","","",""
humira,"","","",""
Horizant,"","","",""
Homeopatic Cream,"","","",""
Hmg,"","","",""
Hlorproticsen,"","","",""
Hiprex,"","","",""
High Blood Pressure,"","","",""
Hhhjj,"","","",""
Hhhh,"","","",""
Hggg,"","","",""
heududu,"","","",""
Herotonian,"","","",""
Henry Multivitamin,"","","",""
Hemp Oil,"","","",""
Heartworm,"","","",""
Heart,"","","",""
Healthy Test,"","","",""
Headache pill,"","","",""
Headache medicine,"","","",""
HcG 2x Per Week,"","","",""
Harvoni,"","","",""
Harmo Pneum,"","","",""
Harmo Hepato,"","","",""
HappyPills,"","","",""
Happy pills,"","","",""
Happy Pill,"","","",""
Happiness,"","","",""
Hapi test,"","","",""
Hair,"","","",""
Haare und Haut,"","","",""
H2,"","","",""
h,"","","",""
H,"","","",""
Gyl,"","","",""
Gvcc,"","","",""
Gummy Vitamins,"","","",""
Gummies,"","","",""
Guanfacine,"","","",""
guanfacine,"","","",""
Group Meds,"","","",""
Grotec,"","","",""
Green Tictacs,"","","",""
Green Tea Extract,"","","",""
Green tea,"","","",""
Green Tea,"","","",""
Gralise / Methadone,"","","",""
Gpill,"","","",""
Good Neighbor Pharmacy Naproxen,"","","",""
Good Neighbor Pharmacy Allergy Relief,"","","",""
GNC Multivitamin,"","","",""
GNC Mega Men Multivitamins,"","","",""
Glycomet GP,"","","",""
Glucotrol Xl,"","","",""
Glucosamine Sulfate,"","","",""
Glucosamine Chondroitin,"","","",""
Glucophage,"","","",""
glucophage,"","","",""
glipizide,"","","",""
Glipizide,"","","",""
glimepiride,"","","",""
Ginger,"","","",""
Gilenya,"","","",""
Giazo,"","","",""
GI-Synergy,"","","",""
Ghhhh,"","","",""
Ghh,"","","",""
Gggg,"","","",""
Geptral,"","","",""
Geodon,"","","",""
geodon,"","","",""
Genvoya,"","","",""
Genv,"","","",""
Gentle Iron,"","","",""
Gentle And Effective Laxative,"","","",""
Genoya,"","","",""
Gen,"","","",""
Garden Of Life,"","","",""
Gakic,"","","",""
gabapentin,"","","",""
Gabapentin,"","","",""
Fxr,"","","",""
Fx,"","","",""
Fusion Vitamins,"","","",""
furosemide,"","","",""
Fuck,"","","",""
Four,"","","",""
Fosfogliv,"","","",""
Fortamet,"","","",""
Forskolin,"","","",""
Formula SF722,"","","",""
Folic Acid,"","","",""
Focus Med,"","","",""
Focus,"","","",""
Focalinxr,"","","",""
Focalin,"","","",""
Fluxuoetine,"","","",""
Fluvoximine,"","","",""
Fluticasone Propionate,"","","",""
Fluticasone,"","","",""
Fluoxitine/Buproprion,"","","",""
Fluoxetine,"","","",""
Fluoxetine,"","","",""
Flue,"","","",""
fludrocortisone,"","","",""
Flowmax,"","","",""
Flow,"","","",""
Floriva,"","","",""
Florastor plus Probiotic,"","","",""
Flonase,"","","",""
flomax,"","","",""
Flomax,"","","",""
Floate,"","","",""
Flexril,"","","",""
Flexeril,"","","",""
Flecanide,"","","",""
flecainide,"","","",""
Flecainide,"","","",""
Flaxseed Oil,"","","",""
Flagyl,"","","",""
fjjgjk,"","","",""
Five,"","","",""
Fishoil,"","","",""
Fish Oil Vit D Calcium,"","","",""
Fish Oil,"","","",""
Finasteride,"","","",""
Fff,"","","",""
Ff,"","","",""
Ferrous Sulfate,"","","",""
Ferrous Sulf Ec,"","","",""
Ferrous,"","","",""
Ferralet 90,"","","",""
Fentanyl,"","","",""
Fentanyl,"","","",""
Fentanilo (penso,"","","",""
Fentanilo 25 ug/h,"","","",""
fenofibrate,"","","",""
Fenofibrate,"","","",""
Femara,"","","",""
Fe C Tab Plus,"","","",""
FC-Cidal,"","","",""
faverin,"","","",""
Farxiga,"","","",""
Famotidine - Acid Controller,"","","",""
Fabb Tablets,"","","",""
F3088,"","","",""
F52,"","","",""
F,"","","",""
Ezetimibe,"","","",""
Eye Drops,"","","",""
Excedrin Extra Strength,"","","",""
Evening Vitamins,"","","",""
Evening pills,"","","",""
Evening Meds,"","","",""
Ethosuximide,"","","",""
Estradiol,"","","",""
Estarylla,"","","",""
Esomeprazol,"","","",""
Escitalopram Oxalate,"","","",""
Escitalopram,"","","",""
escitalopram,"","","",""
Es,"","","",""
Equate Omeprazole Delayed Release,"","","",""
Equate Fiber Therapy,"","","",""
Epclusa,"","","",""
EPA/DHA,"","","",""
Enzymes,"","","",""
Entresto,"","","",""
Energy,"","","",""
Endocet,"","","",""
Enbrel,"","","",""
Enaperil,"","","",""
enalapril,"","","",""
Emilyâ€™s Medicine,"","","",""
Elvanse,"","","",""
Eliquis,"","","",""
Elinor's vitamin d,"","","",""
Effexor XR (venlafaxine,"","","",""
Effexor XR,"","","",""
Effexor 2,"","","",""
Effexor,"","","",""
Effexor,"","","",""
Effectia,"","","",""
Ecosprin,"","","",""
Eccedrin Migraine,"","","",""
e1,"","","",""
Dysbiocide,"","","",""
Dyazide HCT,"","","",""
Dyazide,"","","",""
Dwek,"","","",""
Dummy,"","","",""
Duloxitine,"","","",""
Duloxetine,"","","",""
Duloxetine,"","","",""
Duexis,"","","",""
dsansan,"","","",""
drugs,"","","",""
Drug Test,"","","",""
Dr Wises Formula Intestinal Calm,"","","",""
Dr Organic B-Complex,"","","",""
Dr Axe SBO Probiotic,"","","",""
Dr Axe Omega Complete,"","","",""
Dr Axe Fermented Multivamin,"","","",""
Dozee,"","","",""
Doze,"","","",""
Doxycycline,"","","",""
Doxycyclin,"","","",""
Doxycyclate Hyclate,"","","",""
Double X,"","","",""
Dose,"","","",""
Doryx,"","","",""
Donepezil,"","","",""
Done,"","","",""
Dolocalma (nolotil,"","","",""
docusate sodium,"","","",""
Docusate,"","","",""
Divalproex Extended-Release,"","","",""
divalproex,"","","",""
Divalproex,"","","",""
Direct Safety Extra Strength Aspirin Free,"","","",""
Diovan Hct,"","","",""
Diovan,"","","",""
Dinner,"","","",""
Diltiazem Extended Release,"","","",""
Digest Matrix,"","","",""
dicloxacillin,"","","",""
diazepam,"","","",""
Diane,"","","",""
Diabetes Pack,"","","",""
DHEA,"","","",""
Dhea,"","","",""
DHA Vitamin,"","","",""
DHA Supplement,"","","",""
DHA,"","","",""
dextroamphetamine,"","","",""
Dextroamphetamine,"","","",""
Dextroamp-amphet ER,"","","",""
Dexilant,"","","",""
Dexamfetamine,"","","",""
Dexamethsone,"","","",""
dexamethasone,"","","",""
Deva Vegan One A Day,"","","",""
Dev,"","","",""
Descovy,"","","",""
Deplin,"","","",""
Depart 75/150,"","","",""
Depakote,"","","",""
Depakine,"","","",""
Demo1,"","","",""
Demo Pill,"","","",""
Demo Med,"","","",""
Demo Drug for Setup,"","","",""
Demo Drug,"","","",""
Demo,"","","",""
Delete,"","","",""
Dddf,"","","",""
Dd,"","","",""
Dark Blue Pill,"","","",""
Daily,"","","",""
Daily vitamins,"","","",""
Daily Vitamins,"","","",""
Daily Vitamin,"","","",""
Daily Vitamin,"","","",""
Daily multivitamin,"","","",""
Daily Multi,"","","",""
Daily mix,"","","",""
Daily meds,"","","",""
Daily Meds,"","","",""
Daily medications,"","","",""
Daily Medications,"","","",""
Daily Medication,"","","",""
Daily medication,"","","",""
Daily Med,"","","",""
Daily Happiness Pill,"","","",""
Daily,"","","",""
Daily,"","","",""
Dï¿½ï¿½,"","","",""
D-Amphetamine Salt Combo 30mg,"","","",""
D5,"","","",""
D3/D/Lesiniprol,"","","",""
D3,"","","",""
D3,"","","",""
D1,"","","",""
D 3,"","","",""
D,"","","",""
Cytomel,"","","",""
Cyproheptadine,"","","",""
Cymbalta,"","","",""
Cymbalta,"","","",""
Cyclophosphamide,"","","",""
cyclobenzaprine,"","","",""
CVS Vial,"","","",""
Current Measurements,"","","",""
Curcumin,"","","",""
Cumbalta,"","","",""
Crocin,"","","",""
Crestor 20 Mg,"","","",""
Crestor,"","","",""
Creon,"","","",""
Cre,"","","",""
Cranberry,"","","",""
Cran,"","","",""
Crack,"","","",""
CP,"","","",""
Cozaar,"","","",""
Coverciel,"","","",""
Coumadin (warfarin,"","","",""
Coumadin,"","","",""
CoQ-10,"","","",""
CoQ10 - All,"","","",""
CoQ10,"","","",""
Convulex,"","","",""
Conjugated Linoleic Acid,"","","",""
Condres,"","","",""
Concor,"","","",""
Concerta,"","","",""
Concerta,"","","",""
Concept Ob,"","","",""
Complex b,"","","",""
Complera,"","","",""
Colostrum,"","","",""
Colchicine,"","","",""
colchicine,"","","",""
Colace,"","","",""
Codeine,"","","",""
Codeine,"","","",""
Cod liver oil,"","","",""
Cocktail,"","","",""
Co q 10,"","","",""
Clopidogrel,"","","",""
Clono,"","","",""
Clonidine,"","","",""
Clonazepam,"","","",""
Clonazapem,"","","",""
Clomipramine (Clomicalm,"","","",""
Clomiphene Citrate,"","","",""
Clomifene,"","","",""
Clomid,"","","",""
Clinical Trial Truvada/Descovy,"","","",""
Clindamycin Phosphate,"","","",""
Clindamycin,"","","",""
Clindamyacin,"","","",""
ClearPoint,"","","",""
Claritin,"","","",""
Claritan,"","","",""
Clarinex,"","","",""
Claravis,"","","",""
Claratin,"","","",""
CLA,"","","",""
Citrucel,"","","",""
Citranatal Rx,"","","",""
Citracal,"","","",""
Citalopram,"","","",""
citalopram,"","","",""
Ciprofloxacin,"","","",""
Cialopram,"","","",""
Cialis,"","","",""
Chuks,"","","",""
Chromagen,"","","",""
Cholestoff,"","","",""
cholesterol and vitmins,"","","",""
Cholesterol,"","","",""
Cholest-off,"","","",""
Chinese Herbs,"","","",""
Charcoal,"","","",""
cetrizine hydrochloride,"","","",""
Cetapin,"","","",""
Cephelexin,"","","",""
cephalexin,"","","",""
Cephalexin,"","","",""
Centrum Women,"","","",""
Centrum Silver,"","","",""
Centrum Multivitamin,"","","",""
Centrum MultiGummies,"","","",""
Centrum,"","","",""
Cellcept,"","","",""
Celexa,"","","",""
Celebrex,"","","",""
Cefuroxime Axetil,"","","",""
cefadroxil,"","","",""
Cccc,"","","",""
Catapres,"","","",""
Carvedol,"","","",""
carvedilol,"","","",""
Carvedilol,"","","",""
Carnitine,"","","",""
Carbolevure,"","","",""
Carbolevo,"","","",""
Carbo,"","","",""
Carbidova,"","","",""
Carbamazepine,"","","",""
carbamazepine,"","","",""
Carb/Levo,"","","",""
Candy,"","","",""
Camun,"","","",""
Cambia,"","","",""
Calcium Citrate,"","","",""
Calcium Citrate,"","","",""
Calcium + Vit D + Folic Acid,"","","",""
Calcium,"","","",""
Calcium,"","","",""
Calcitriol,"","","",""
CAL/MAG Citrate,"","","",""
Cabergoline,"","","",""
cabergoline,"","","",""
C-Vitamin/Mineral,"","","",""
C-AM Compound,"","","",""
C-3015,"","","",""
C Vitamin,"","","",""
c,"","","",""
C,"","","",""
Byvalson,"","","",""
Bystolic,"","","",""
Bybalsan,"","","",""
buspirone HCl,"","","",""
BusPIRone,"","","",""
Buspirone,"","","",""
Buspar,"","","",""
Burdock,"","","",""
Buproprion,"","","",""
Bupropion XL,"","","",""
Bupropion Sr,"","","",""
Bupropion Hydrocloride,"","","",""
Bupropion hcl xl,"","","",""
Bupropion HCL XL,"","","",""
Bupropion HCL 12HR SA,"","","",""
Bupropion HCL 12 HR,"","","",""
Bupropion HCl,"","","",""
BUPROPION,"","","",""
Bupropion,"","","",""
BUPROPION,"","","",""
Bupropian,"","","",""
Buproban,"","","",""
budesonide,"","","",""
Budeprion Xl,"","","",""
Budeprion,"","","",""
Brown,"","","",""
Bromphenir,"","","",""
Brintellix,"","","",""
Brilinta 90mg,"","","",""
Brilinta,"","","",""
Breath Mint,"","","",""
Brea WAt Walk,"","","",""
BP Meds 2,"","","",""
BP,"","","",""
Boniva,"","","",""
Body Toner Censor,"","","",""
Blues,"","","",""
Blue pill,"","","",""
Blue Pill,"","","",""
Blood pressure,"","","",""
Blood Pressure Medicine,"","","",""
Blood pressure,"","","",""
Blood Builder,"","","",""
Bloedruk,"","","",""
Blisovi,"","","",""
Blink Tears Night Night,"","","",""
Blink Tears Night,"","","",""
Blink Tears Afternoon,"","","",""
Blink Tears,"","","",""
Blank,"","","",""
Blah,"","","",""
Black Cherry,"","","",""
Bjjb,"","","",""
bisoprolol,"","","",""
Bisocard,"","","",""
Birthcontrol,"","","",""
Birthcontrol,"","","",""
Birth Control-Nikki,"","","",""
Birth control,"","","",""
Birth Control,"","","",""
Birth Control,"","","",""
birth control,"","","",""
Birth control,"","","",""
Biotin,"","","",""
Biotene,"","","",""
Biotech - One A Day,"","","",""
bion3,"","","",""
Biocidin,"","","",""
BIO-X4,"","","",""
Bio X4,"","","",""
Bhh,"","","",""
bethanechol chloride,"","","",""
Betaine HCI Pepsin,"","","",""
Beta Blocker Iron,"","","",""
Benzonatate,"","","",""
Benzapril,"","","",""
Bentyl,"","","",""
Benicar,"","","",""
Benadryl,"","","",""
Being Well Omeprazole,"","","",""
Bee Complex (2,"","","",""
Bee Complex,"","","",""
Bedtime Pills,"","","",""
BCAA,"","","",""
BC,"","","",""
Bazuka,"","","",""
Bayer Aspirin Regimen Chewable,"","","",""
Basis,"","","",""
Balance,"","","",""
Bad Rtc4,"","","",""
Bad Rtc 3,"","","",""
Bad Rtc 2,"","","",""
Bad Rtc,"","","",""
Bactrim Ds,"","","",""
Bactrim DS,"","","",""
Bactrim,"","","",""
Bacopa,"","","",""
Bacmin,"","","",""
Baclofen,"","","",""
baclofen,"","","",""
Back Medicine,"","","",""
Baby Aspirin,"","","",""
B-Complex,"","","",""
B-12,"","","",""
B100 Complex,"","","",""
B12 Multi Vit,"","","",""
B12 3x Per Week,"","","",""
B12,"","","",""
B12,"","","",""
B Complex,"","","",""
B,"","","",""
Azor,"","","",""
Azo Urinary Tract Cranberry supplement,"","","",""
Azithromycin,"","","",""
Azithromycin,"","","",""
Azelaatine,"","","",""
azathioprine,"","","",""
Avondeten,"","","",""
Avodart,"","","",""
Aviane,"","","",""
aviane,"","","",""
Avena sativa Afternoon,"","","",""
Avena sativa,"","","",""
Augmentin,"","","",""
Attached To User,"","","",""
Atripla,"","","",""
Atorvastin 10 mg,"","","",""
Atorvastatin Calcium,"","","",""
Atorvastatin,"","","",""
atorvastatin,"","","",""
Atorbastatina,"","","",""
Atopica,"","","",""
Ativan,"","","",""
Atenolol/chlorthalidone,"","","",""
atenolol,"","","",""
Atarax,"","","",""
Asprin,"","","",""
Aspirin Free Cold Head Congestion Day Time,"","","",""
Aspirin 81,"","","",""
Aspirin,"","","",""
aspirin,"","","",""
Aspirin,"","","",""
Aspin,"","","",""
Asp,"","","",""
Asmanex,"","","",""
Ashwibi,"","","",""
Ashwagandha,"","","",""
Asdf,"","","",""
Asacol Hd,"","","",""
Asa,"","","",""
As Needed,"","","",""
Arthut,"","","",""
Arthritis,"","","",""
Artane,"","","",""
armour thyroid,"","","",""
Armour Thyroid,"","","",""
ArmoLipid Plus,"","","",""
Aripiprazole,"","","",""
aripiprazole,"","","",""
Aria Tamiflu,"","","",""
Arava,"","","",""
Apri 28 day pill,"","","",""
Apr03 Test,"","","",""
Apple cider vinegar,"","","",""
Apple Acid,"","","",""
Apcal,"","","",""
Apap,"","","",""
Antihistamine,"","","",""
AntiDepressant,"","","",""
Antidepressant,"","","",""
Antibiotl,"","","",""
Antibiotics,"","","",""
Antibiotic,"","","",""
Antibiotic,"","","",""
Angel Dust Pill,"","","",""
Androcur,"","","",""
Andrew's dope,"","","",""
Anaprox,"","","",""
Amytriptolene,"","","",""
Amytriptalene,"","","",""
Amturnide,"","","",""
Amrix,"","","",""
Amoxil,"","","",""
Amoxicillin and Clavulanatw Potassium,"","","",""
amoxicillin and clavulanate,"","","",""
Amoxicillin,"","","",""
amoxicillan,"","","",""
Amoxicilina,"","","",""
Amoxi,"","","",""
Amox-Clav,"","","",""
Amox Clav,"","","",""
Amox,"","","",""
amoval,"","","",""
Amlodipine/Atorvastatin,"","","",""
Amlodipine,"","","",""
Amlodipine besylate 10MG tablets,"","","",""
Amlodipine Besylate,"","","",""
Amlodipine besylate,"","","",""
amlodipine and benazepril,"","","",""
Amlodipine 5mg,"","","",""
AMLODIPINE,"","","",""
Amlodipine,"","","",""
amitryptiline,"","","",""
amitriptyline,"","","",""
Amitriptyline,"","","",""
Amitiza,"","","",""
Ametripteline,"","","",""
Ambien,"","","",""
Amberen,"","","",""
Ambein,"","","",""
Amantadine,"","","",""
Altoids,"","","",""
Alprazolam Extended-Release,"","","",""
Aloxi,"","","",""
Alma,"","","",""
allopurinol,"","","",""
Allergy Shot,"","","",""
Allergy Relief,"","","",""
Allergy Pills,"","","",""
Allergy Medication,"","","",""
Allergy,"","","",""
Allegra,"","","",""
Alle Hydro,"","","",""
All Meds,"","","",""
All 3,"","","",""
All,"","","",""
Alka-Seltzer Plus Cold And Cough Formula,"","","",""
Alinia,"","","",""
Align,"","","",""
Algae Oil,"","","",""
alfuzosin,"","","",""
Alesse levonorgestrel and ethinyl estradiol,"","","",""
Alesse Birth Control,"","","",""
Alesse,"","","",""
Aldactone,"","","",""
Alarm Test,"","","",""
Agrifen,"","","",""
Aggrenox,"","","",""
Afternoon vitamins,"","","",""
Aetnolol,"","","",""
Aederol,"","","",""
Advil Liquigels,"","","",""
Advil Cold And Sinus,"","","",""
Advil Allergy And Congestion Relief,"","","",""
Advil,"","","",""
Advil,"","","",""
advil,"","","",""
Advicor,"","","",""
Adult Low Strength Aspirin,"","","",""
Adult Low Dose Enteric Coated Aspirin,"","","",""
Adult Low Dose Aspirin,"","","",""
Ads,"","","",""
Adreset,"","","",""
Adrenal Health,"","","",""
Aderol,"","","",""
Adderral XR,"","","",""
Adderall XR,"","","",""
Adderall IR,"","","",""
Adderall (dextroamphetamine,"","","",""
Adderall 20mg XR,"","","",""
Adderall,"","","",""
Add,"","","",""
Acylovir,"","","",""
Acyclovir,"","","",""
Actos,"","","",""
Actigall,"","","",""
Aciphex,"","","",""
Acido Folico,"","","",""
Acid Control,"","","",""
Acetaminophen,"","","",""
Acetaminophen,"","","",""
Acetaminofen,"","","",""
Abstral,"","","",""
Abilify,"","","",""
Ab Cuts CLA,"","","",""
aa3,"","","",""
Aa2,"","","",""
A9,"","","",""
A6,"","","",""
A5,"","","",""
A4,"","","",""
A3,"","","",""
A2,"","","",""
A1,"","","",""
A0,"","","",""
A,"","","",""
$8B>3,"","","",""
",ï¿½	ï¿½(xï¿½} 2L, p} 0.5L","","","",""
-ï¿½ï¿½,"","","",""
7030 Premium,"","","",""
50 Mg,"","","",""
36 Concerta,"","","",""
30,"","","",""
12JulTest2,"","","",""
12-hour Dick Pills,"","","",""
12,"","","",""
11,"","","",""
4,"","","",""
3,"","","",""
2 ×˜×™×¤×•×ª,"","","",""
2 ×˜×™×¤×•×ª,"","","",""
2,"","","",""
1 a day,Multi-Vitamin,One A Day,"",""
1,"","","",""
c1,"","","",""
Lipitor (atorvastatin),,,,
Coumadin (warfarin),,,,
"Adderall (dextroamphetamine, dextroamphetamine, amphetamine and amphetamine)",,,,
"Losartan Tablets, 50 Mg",,,,
Prenatal Vitamin (Rainbow Light),,,,
Men's Multivitamin (OPTIMEN),,,,
"dextroamphetamine, amphetamine, dextroamphetamine, and amphetamine",,,,
"Losartan Tablets, 100 Mg",,,,
"Magnesium,calsium, VitD",,,,
"Tegretol 2, Lipitor1, Twynsta",,,,
"Amlodipine, Valsartan,",,,,
Clomipramine (Clomicalm),,,,
Zolpidem (Ambien CR),,,,
Effexor XR (venlafaxine),,,,
Protonix (pantoprazole),,,,
"Blood pressure, Omeprazole, Fluoxetine, Atorvastatin",,,,
"Trubavad, Norvir, Septeva",,,,
Vimpat (Lacosamide) 50mg,,,,
Vimpat (Lacosamide) 1/2 Pill 25mg,,,,
",ï¿½	ï¿½(xï¿½} 2L, p} 0.5L)",,,,
"Synthyroid(Yellow 2, White 0.5)",,,,
"Synthyroid(Y 2, W 0.5)",,,,
"Hair,skin,nails",,,,
"Thyroid 200 mcg, t3 25 mcg",,,,
Fentanilo (penso),,,,
Dolocalma (nolotil),,,,
"Skin, Hair & Nails ",,,,
"LISINOPRIL-HCTZ, ROSUVASTATIN CALCIUM",,,,
"Daily,medication",,,,
Percocet 10_325,,,,
Vitamin D Gummy,,,,
Zoloft (Take 1.5 Pills - 150mg),,,,
"Vitamin D 3 50,000 IU",,,,
"Bee Complex (2), L-Theanine (1), B-Complex (2), D-3 (1)",,,,
"Vyvanse (1), L-Theanine (2), B-Complex (2), D-3 (2), Bee-Complex (2)",,,,
"L-Theanine (1), Magnesium (1)",,,,
Sleep Aid,,,,
Vit B,,,,
Trial 2,,,,
TRIAL 3,,,,
Dr. Super Khan,,,,
Milk Thistle,,,,
Practice 1,,,,
Practice 2,,,,
High Blood Pressure Medicine,,,,
Oxecta,,,,
Poop,,,,
Crud,,,,
Zolft,,,,
buspirone,,,,
èƒƒè¯,,,,
ç»´ç”Ÿç´ ç‰‡,,,,
Centrum Multi Vitamin,,,,
Demo 999,,,,
Bop,,,,
Yum Sauce,,,,
Lamictal 100mg,,,,
Usb Drive,,,,
hydroxyzine,,,,
Vitamine D,,,,
Azulfidine,,,,
Risperdal,,,,
Xsefo,,,,
Benjamin,,,,
Garbage,,,,
Allegra Allergy,,,,
Blastoise,,,,
Flecainide Acetate,,,,
"Losartan Tablets, 25 Mg",,,,
Losortan,,,,
Vybriid,,,,
Womenâ€™s Ultra Mega,,,,
Womens Ultra Mega,,,,
Muti Vitamin,,,,
Biocult,,,,
Migraleaf,,,,
Anti-anxiety,,,,
Trileptal 300mg,,,,
Trileptal 600mg,,,,
Lorsartan,,,,
Losartan/Hctz,,,,
Rayos,,,,
Sertraline Tablets,,,,
Synthroid 0.05mg,,,,
Kaletra,,,,
Care One Omeprazole,,,,
Ecotrin,,,,
Leg Cramps,,,,
Dietary Supplement Fish Oil Omega-3,,,,
Burlinta,,,,
Gederel,,,,
Child 1 Vitamin,,,,
Omega vitamin,,,,
Warfain,,,,
DM,,,,
Venlafaxine Hcl Er 75 Mg,,,,
Mulivitamin,,,,
PrEP,,,,
Lorsatan,,,,
Prednisone 4 mg,,,,
Cyclobenzaprine Hyrochloride,,,,
Cannabis,,,,
ì•„ì¹¨,,,,
Silenor,,,,
Ggg,,,,
Metadate,,,,
Cortex,,,,
Weekend Cortex,,,,
Bion 3,,,,
Alysena 28,,,,
Osteo,,,,
ë§ˆë¥´ë¯¸,,,,
Hydroxyzine HCL,,,,
Lasix 40mg,,,,
Device Token Test,,,,
Crystal Glow,,,,
Ethinylestradiol,,,,
"Kaletra, Truvada",,,,
Fiskeolie,,,,
Doans,,,,
Liproe,,,,
Almerico Robustelli,,,,
Clobetasol Propionate Ointment,,,,
Carbodopa/Levodopa,,,,
Captopril,,,,
Diabetic Dietary Supplements,,,,
Mirtazapine,,,,
1 A Day Men's & Stool Softener,,,,
Mcal Calcium,,,,
Tamsulisin HCL 0.4 Mg,,,,
Gummy vitamin,,,,
Gummy,,,,
Tamsulisin HCL,,,,
Humira,,,,
Bonine,,,,
Tezt,,,,
Burger King panino,,,,
Burger King alette,,,,
Skmsrhjnf,,,,
Daily dose,,,,
Zebeta,,,,
Speichelprobe,,,,
Speichelprobe 2,,,,
Gummy V,,,,
Menâ€™s One A Day,,,,
Fart,,,,
Bi-Est,,,,
Progesterone,,,,
Test001,,,,
I Want To Add A Pillsycap,,,,
Carbidopa/levodopa,,,,
Candesartan Cilexetil-Hydrochlorothiazide,,,,
Dextroamp-amphet 30 Mg Capsule,,,,
prednisone 3 mg,,,,
carbidopa,,,,
Fgg,,,,
pill,,,,
Phantomed,,,,
111111,,,,
1111,,,,
Microgestin 21 1-20,,,,
Synthroid 2,,,,
Acid Relief,,,,
Lisonopril,,,,
Arcocsia,,,,
Corlanor,,,,
Carbi,,,,
Harmonet,,,,
Methazole,,,,
7 Select Ibuprofen,,,,
Ambian,,,,
Truvafa 200 Mg-gilead Scienc,,,,
Sp,,,,
Losarton,,,,
USANA vitamin white,,,,
TerraZyme - Digestive doterra,,,,
vetaminD,,,,
Proflavanol C,,,,
Baby Asprin,,,,
Enalapril,,,,
Enalapril and Asprin,,,,
Daily Pill,,,,
Pyrodistigamine,,,,
Xanx,,,,
Speichelprobe Stefan,,,,
Ğ¢ĞµÑÑ‚,,,,
verapamil,,,,
Sprycell,,,,
Glumetza,,,,
Orthocyclen,,,,
Take As Needed,,,,
Esoprazole,,,,
Dom Smith Oxycodone 15,,,,
aspirin 81,,,,
Doxycycline E Mono 100,,,,
Viviscal,,,,
Vitamin Code,,,,
Metoprolol 12.5mg,,,,
Opioid,,,,
Lorazepam,,,,
Norinyl,,,,
N-acetyl-L-Cysteine,,,,
Rybix,,,,
Esseliv,,,,
Speichelprobe Marina,,,,
Vitamin K,,,,
Creator,,,,
Speichelprobe Julian,,,,
progesterone,,,,
Belara,,,,
Bone/Raloxifene,,,,
D3 2000,,,,
D3 Gummy,,,,
Aricept,,,,
Takeme,,,,
Lasix 20mg,,,,
G,,,,
Blue,,,,
Vit D,,,,
Acetaminphen/COD,,,,
Azitromicine,,,,
King Pills,,,,
Zantac 150,,,,
febuxostat,,,,
Afternoon Pill,,,,
Fish Oil Supplement,,,,
Therâ€“biotic Complete,,,,
Lipotropic Detox,,,,
ĞĞºÑ‚Ğ¸Ğ³Ñ€Ğ¾Ğ»,,,,
Caltrate,,,,
"Tenormin, Metformin",,,,
"Metfomin,atenol",,,,
Tumeric,,,,
Gotu Kola,,,,
Valerian Root,,,,
Bone Builder,,,,
Uptravi,,,,
Junel Fe,,,,
Lamictil,,,,
Test pillsy,,,,
Madopar,,,,
OptiWomen,,,,
Effexia,,,,
Atorva,,,,
Prenatal Plus Iron,,,,
Prednisone 2 mg,,,,
Red Pill,,,,
My Prenatal,,,,
Renvela,,,,
Red,,,,
Crazy Meds,,,,
Dilaudid,,,,
Prenatal One,,,,
Tacrilimus Demo,,,,
Tacrilimus,,,,
Requip,,,,
Levaquin,,,,
SP 102,,,,
Allegra.  (Fexofenadine),,,,
Glucophage (metformin),,,,
Micardis eq (telmisartan),,,,
Tradjenta (linagliptin),,,,
Periostat eq (doxycycline),,,,
Synthroid (levothyroxine),,,,
Viagra (sildenafil),,,,
Focus factor,,,,
Cardizem Cd,,,,
Jb sour,,,,
Vanicream,,,,
acyclovir,,,,
Pain pills,,,,
valsartan,,,,
Every Womanâ€™s One Daily Multi,,,,
Disperin,,,,
Sinerest,,,,
Glucosamime Hydrochloride,,,,
PreserVision,,,,
Advair,,,,
SP 101,,,,
Clomicalm,,,,
Lipiter,,,,
Bupropion Hcl Xl 300 Mg,,,,
Oxycodone-Acetaminophen 5-325,,,,
Lisinopril/Hydrochlorothiazide,,,,
Move Free,,,,
HIGH PRESSURE PILL,,,,
â˜€ï¸,,,,
SP 104,,,,
Losartan HCTZ 100-25MG,,,,
Eliquis 5mg,,,,
Intuniv,,,,
Anastrozole,,,,
VP 3008,,,,
Vits,,,,
Keppra 750 Mg,,,,
SP 105,,,,
Lasix 10mg,,,,
St Johns Wort,,,,
Colon Cleanse,,,,
White Willow Bark,,,,
Tonalin,,,,
Acetyl L Carnitine,,,,
SP103,,,,
Lisnopril/Hydrochlorothiazide,,,,
Oxycodone And Acetaminophen,,,,
Hydrocodone Bit/Apap,,,,
Levrothroxine,,,,
Fish Oil 1000mg,,,,
Tribenzor,,,,
Biktarvy,,,,
Psycho,,,,
Losartan HCTZ 100-25 Mg,,,,
Happy,,,,
Chantix,,,,
Simvastatin 40mg,,,,
Rice,,,,
Red Yeast Rice,,,,
Ibuprofen does not work,,,,
finasteride,,,,
Ibuprofen 2,,,,
Clonazepam (AM),,,,
Clonazepam (PM),,,,
Phenatoin,,,,
Test Pills 30,,,,
Odactra,,,,
Ğ¡ÑƒĞ»ÑŒÑ„Ğ°ÑĞ°Ğ»Ğ°Ğ·Ğ¸Ğ½,,,,
Ğ¤Ğ¾Ğ»Ğ¸ĞµĞ²Ğ°Ñ ĞšĞ¸ÑĞ»Ğ¾Ñ‚Ğ°,,,,
Ğ¡Ğ¾Ñ€Ğ±Ğ¸Ñ„ĞµÑ€,,,,
Ğ‘Ğ¸Ñ„Ğ¸ĞºĞ¾Ğ»,,,,
ĞŸÑ€ĞµĞ´Ğ½Ğ¸Ğ·Ğ¾Ğ»Ğ¾Ğ½,,,,
memix,,,,
Njord 15 Multivitamin,,,,
Methylcobalamin,,,,
VP 3014,,,,
Face cream,,,,
Clindamycin and Benzoyl Peroxide Gel,,,,
Differin Gel,,,,
NatureThroid,,,,
Ibuprofen test,,,,
Jardiance,,,,
Nzt-48,,,,
sulfasalazine,,,,
Metorolol,,,,
Depakote DR,,,,
Tizanidine Hcl 4mg,,,,
Proafenol HCL,,,,
tizanidine,,,,
Corug,,,,
BuPropion,,,,
Prilosec Otc,,,,
